{"x_train": [[-0.148, -0.25460000000000005], [0.0, 0.12409999999999999], [0.08100000000000007, 0.0], [0.0, -0.34120000000000006], [0.1892, 0.0484], [0.0, 0.045399999999999996], [-0.08259999999999995, 0.0], [0.0, 0.020100000000000007], [0.0, -0.017900000000000027], [0.0, -0.047700000000000076], [-0.3445, 0.0], [0.0, 0.02289999999999992], [0.0, 0.010400000000000076], [0.38589999999999997, 0.0], [0.0, -0.018400000000000083], [0.0, 0.006700000000000039], [0.0, 0.0023999999999999577], [0.0, -0.00040000000000006697], [-0.14699999999999996, 0.0], [0.17900000000000002, 0.0], [0.0, -0.02200000000000002], [-0.14240000000000003, 0.0], [-0.06890000000000002, 0.0], [-0.05049999999999999, 0.0], [0.09649999999999997, 0.0], [0.009200000000000041, 0.0], [0.0, -0.022399999999999975], [0.0, -0.007199999999999984]], "y_train": [[-3.790726143013295, -0.3591660080398805, -1.8467000000000002, -1.8291000000000004], [3.3300803779912886, 0.08336574122479279, 0.5822000000000003, 0.09850000000000048], [2.103170283286513, 0.04840321670419967, 0.41029999999999944, -0.11359999999999992], [-1.4715757597674113, -0.2191182527195148, -1.3095999999999997, -0.6731000000000007], [4.670358912177766, 0.22217433770696404, 1.1633999999999993, -0.28119999999999923], [2.721351465667361, 0.060733987474454576, 0.4489000000000001, -0.6540000000000008], [-4.262648682482137, -0.008005118138765921, -0.28720000000000034, 0.3708999999999998], [2.187048545247883, -0.007830267505155586, 0.22100000000000009, -0.6015999999999995], [-1.415710192047861, 0.032681864082197976, 0.37930000000000064, 0.4154], [-1.4487850240702826, -0.061737478067348306, -0.34079999999999977, 0.2713000000000001], [-3.639435408102017, -0.2770318234518212, -1.3026999999999997, -2.1749], [-1.327055216339943, 0.03961507181491819, 0.5431000000000008, 0.16699999999999982], [-2.5520891027412347, 0.03741043339113648, 0.6395, 1.7321999999999997], [4.677525930609729, 0.2371202657799114, 1.2135999999999996, 1.7134999999999998], [-0.599409682474521, -0.06739351595456733, -0.3544999999999998, 0.1322000000000001], [-1.0340654465567631, 0.004644945092864061, 0.043400000000000105, -0.15880000000000027], [-1.0360892759946694, 0.0319748593462954, 0.26900000000000013, 0.43879999999999963], [3.620710955569134, -0.050242949457838026, -0.5526, -1.9236999999999993], [-1.9342075715809415, -0.07050281635224587, -0.31179999999999986, -0.9754000000000005], [1.741835344659421, 0.13710570335483663, 0.6379999999999999, 0.6530000000000005], [-0.06111906200180428, 0.003945542558423165, 0.014499999999999957, -0.6802999999999999], [-1.7994694515427625, -0.11039916962123275, -0.7212999999999994, -0.6331999999999995], [0.7775075956633337, -0.08980480586252737, -0.6882000000000001, -1.2923999999999989], [0.002453394175212509, -0.050212540651992876, -0.31479999999999997, -0.5789], [1.9819680272219031, 0.08360140947009342, 0.9299999999999997, -0.031799999999999606], [1.6176365374536097, 0.00992847510847894, 0.017400000000000304, -1.5888999999999998], [-1.6141307938428895, -0.0099056685040948, -0.19019999999999904, 0.43150000000000066], [3.946294339372095, -0.0313894898337741, -0.3569999999999993, -1.580799999999999]]}