{
    "page_root": "OPE",
    "page_key": "WNR",
    "roi": [
        [
            1961,
            1277,
            238,
            252
        ]
    ],
    "OPE": {
        "WNR": {
            "trigger_idx": 0,
            "dimensions": 32,
            "lengths": [
                3,
                4,
                4,
                3,
                4,
                3,
                4,
                3,
                4
            ],
            "defult_range": [
                [
                    0,
                    255
                ],
                [
                    0,
                    255
                ],
                [
                    0,
                    255
                ],
                [
                    0,
                    65535
                ],
                [
                    0,
                    65535
                ],
                [
                    0,
                    65535
                ],
                [
                    0,
                    65535
                ],
                [
                    0,
                    1
                ],
                [
                    0,
                    1
                ]
            ],
            "param_value": [
                2.0,
                2.0,
                2.0,
                1.477716,
                1.156105,
                1.354341,
                2.055433,
                0.861184,
                0.909376,
                1.294546,
                2.062286,
                9.0,
                8.0,
                5.0,
                10.0,
                10.0,
                8.0,
                8.0,
                4.0,
                1.4,
                2.0,
                12.0,
                10.0,
                8.0,
                8.0,
                1.0,
                1.0,
                1.0,
                0.0,
                0.0,
                0.0,
                0.0
            ],
            "coustom_range": [
                [
                    0,
                    255
                ],
                [
                    0,
                    255
                ],
                [
                    0,
                    255
                ],
                [
                    0,
                    65535
                ],
                [
                    0,
                    65535
                ],
                [
                    0,
                    65535
                ],
                [
                    0,
                    65535
                ],
                [
                    0,
                    1
                ],
                [
                    0,
                    1
                ]
            ],
            "param_change_idx": [
                25,
                26,
                27,
                28,
                29,
                30,
                31
            ],
            "bounds": [
                [
                    0,
                    255
                ],
                [
                    0,
                    255
                ],
                [
                    0,
                    255
                ],
                [
                    0,
                    255
                ],
                [
                    0,
                    255
                ],
                [
                    0,
                    255
                ],
                [
                    0,
                    255
                ],
                [
                    0,
                    255
                ],
                [
                    0,
                    255
                ],
                [
                    0,
                    255
                ],
                [
                    0,
                    255
                ],
                [
                    0,
                    65535
                ],
                [
                    0,
                    65535
                ],
                [
                    0,
                    65535
                ],
                [
                    0,
                    65535
                ],
                [
                    0,
                    65535
                ],
                [
                    0,
                    65535
                ],
                [
                    0,
                    65535
                ],
                [
                    0,
                    65535
                ],
                [
                    0,
                    65535
                ],
                [
                    0,
                    65535
                ],
                [
                    0,
                    65535
                ],
                [
                    0,
                    65535
                ],
                [
                    0,
                    65535
                ],
                [
                    0,
                    65535
                ],
                [
                    0,
                    1
                ],
                [
                    0,
                    1
                ],
                [
                    0,
                    1
                ],
                [
                    0,
                    1
                ],
                [
                    0,
                    1
                ],
                [
                    0,
                    1
                ],
                [
                    0,
                    1
                ]
            ]
        }
    },
    "project_path": "D:/github/FIH/s5k3l6_c7project",
    "project_name": "s5k3l6_c7project",
    "tuning_dir": "D:/github/FIH",
    "xml_path": "D:/github/FIH/s5k3l6_c7project/Scenario.Default/XML/",
    "exe_path": "",
    "bin_name": "",
    "target_type": [
        "sharpness"
    ],
    "target_score": [
        0.0
    ],
    "target_weight": [
        1.0
    ],
    "population size": 10,
    "generations": 40,
    "capture num": 1
}