name,score,luma stdev,DL accutance,"['layer_1_gain_positive_lut', 'layer_1_gain_negative_lut']",
target,0,0.4,11.0
ind0_init,4.35025,0.414162581623059,7.1347,[1.01 1.77]
ind1_init,2.76638,0.4003414937871721,7.5987,[1.7  1.02]
ind2_init,2.88425,0.3936621858423468,8.105,[0.58 2.47]
ind3_init,0.80841,0.3940412612081144,10.6439,[3.61 2.57]
ind4_init,4.5094,0.3788555020554639,7.697,[2.74 0.22]
